<?xml version="1.0" encoding="UTF-8" standalone="no"?>
<!DOCTYPE sawon SYSTEM "sawon2.dtd">
<sawon>
	<list>
		<sabun>3</sabun>
		<name>이방원</name>
		<dept>기획부</dept>
		<loc>인천</loc>
		<hiredate>2017-12-10</hiredate>
	</list>
	<list>
		<sabun>2</sabun>
		<name>이성계</name>
		<dept>영업부</dept>
		<loc>서울</loc>
		<hiredate>2017-12-12</hiredate>
	</list>
	<list>
		<sabun>1</sabun>
		<name>정도전</name>
		<dept>영업부</dept>
		<loc>경기</loc>
		<hiredate>2017-12-11</hiredate>
	</list>	
</sawon>












